area_sqft,bedrooms,age_years,neighborhood,price
1500.6150766787414,2,6,West,343941.6318007378
1649.372768754235,4,24,North,370798.23352077947
1362.9310723188912,3,34,North,359633.8352680241
1054.704080621363,3,4,Central,332463.8441355035
1272.6646074141388,1,37,West,294431.1573880685
1004.1767225017688,1,33,North,249622.57229689215
1530.0718012987193,5,5,West,435193.98493769584
2170.107622777267,5,15,Central,610100.2397902466
1253.8967407243351,3,28,East,302691.8358729423
1189.76255009003,3,36,North,314689.40308478277
1744.9210250925992,1,36,West,319026.12564310525
1678.4435040800304,4,4,North,424672.0427767973
1552.7071244989493,4,2,Central,481442.14248655766
1034.7659776458977,3,22,West,315511.870848892
1485.3740887683632,2,10,East,385703.5277108872
1847.651597229144,1,4,Central,546638.9928244253
827.8927263574591,5,20,Central,323207.950291667
1271.1921194798908,2,35,North,302542.13364770205
549.388630099578,4,24,East,207129.06590228164
855.231130107512,1,25,West,211232.8589569411
579.1324811041338,4,27,Central,244874.1333085861
1382.4544344626593,1,10,North,318508.57897208555
866.2767592781483,4,29,West,268135.0371661189
1635.6321794108508,2,43,West,293675.69825499126
1578.3755433121125,3,4,Central,467383.5228338769
1406.5345276850228,3,30,East,262568.31505619205
450.0,3,18,West,207240.098392024
1230.6535520766818,2,15,Central,329500.13691539015
1475.749527299464,2,6,North,409760.6326445091
1556.6544930016537,2,38,North,293334.47221176396
734.9321172473033,4,19,West,220218.63925516352
1261.1233619830346,5,17,West,375446.9504461498
1010.7404609716802,2,43,East,177319.2120816392
1095.5813802872003,1,42,East,209142.47187772184
2030.4493116930394,1,4,Central,494775.69965966005
1096.2326623340518,1,13,East,190157.80700767195
1483.7391475272398,4,13,North,404496.1231833041
1942.194933691587,5,44,West,423651.86838282284
1208.199783628349,2,1,Central,348401.79485743423
1444.1490252079202,3,2,East,379336.6683120731
1555.2320716247402,3,37,East,294694.7594135691
1531.890887127531,3,33,East,291578.99910811434
887.4720867911533,5,18,West,273113.22169092024
1538.0701151885041,2,13,West,342319.82183562557
2179.4117108707687,4,0,North,609170.0575497984
726.4276609357588,3,19,North,194277.19171568574
1929.6913440107992,5,24,North,486649.18556882074
1559.6770128482906,2,28,Central,424210.69646230974
1179.2648029463894,5,15,North,289993.2067618874
2500.2082731712117,5,2,North,551961.9238746571
1881.1298560423559,3,11,East,439269.4516027378
900.3555489473883,5,10,East,260116.86803512473
1537.2581143857317,4,43,West,342127.055593368
1788.3447918350926,2,4,West,456943.75064146833
1405.6089373246255,5,36,East,305017.11787173216
1841.455133597603,1,33,East,321935.67765319
1466.7413399252923,1,21,North,262996.50354804256
1833.623780417164,5,9,North,480822.15259987355
2219.261295828076,4,4,North,512312.2575873471
1162.1688744971736,2,22,West,290181.1117632653
1601.5693051948044,5,35,West,374223.2996284614
1268.3462117307924,4,14,North,314226.55316251627
1563.6342056129154,2,35,East,364352.2625244305
906.4027360749301,5,10,Central,378118.227677064
1210.3492017486633,5,13,Central,418859.25172263704
1401.9020135977516,4,42,East,258198.6649005488
1949.3819360502039,4,26,North,441118.93030181306
2072.611003727066,5,22,North,476699.0399564985
838.2361037578725,5,25,West,239248.50360096132
1102.6788170064751,3,29,Central,290045.5608825774
1823.4517112867109,4,25,East,411143.4597100474
503.7901079127528,5,31,East,174240.2746887603
1268.4150675238166,1,10,North,340933.802352364
1451.3565371649554,3,36,East,287008.9006510367
2128.50748864341,5,0,Central,616219.3583190099
1844.7019502853777,2,11,West,425655.0852646497
1336.393289888901,4,14,West,265534.2228043756
1315.7120529500205,3,3,Central,388646.19482621213
1374.9022997410375,3,36,East,287097.8443742846
2261.76470022808,2,21,West,503968.59897056065
1285.9875287135665,4,32,Central,352426.24940083607
1348.1598058176353,4,7,West,354825.39892985945
1676.2945336426326,4,44,North,353267.05553296884
1439.6147774567723,5,0,North,441899.18599384144
1401.3578860171388,2,28,West,298410.013943244
942.9664284244718,1,41,North,199115.6177395929
1494.2392659807258,3,39,Central,352027.19384906656
1278.2093885127904,1,28,East,280984.0872258814
2083.0638880951115,4,44,East,393346.9406289182
1826.5442513505818,2,18,North,373968.320679493
1487.9281934950338,4,15,East,376067.1365770044
1834.190511633672,3,6,Central,472143.2542985723
1330.0652241434252,3,31,East,300671.49608866096
2026.0631792134734,5,34,West,454574.6109911126
1497.3002196641867,4,2,West,433535.7477027797
1791.691177090207,5,23,Central,508481.8685673018
854.5533773382564,2,27,West,200695.95300840595
1673.3400244392149,5,7,North,445242.9667240371
655.8979413167292,2,22,Central,208469.95750182157
482.3355275300338,4,44,North,214528.6970318911
1347.7615611442814,1,35,North,312107.0896440148
1050.0361962007023,4,42,West,288988.89600301674
1582.0263978561113,5,23,North,395884.7341298243
2622.3783132430244,2,41,East,425641.87200864643
1084.1384092939593,1,43,East,249275.6013483646
1188.028206778047,2,37,North,281098.464449283
1602.7019730323495,1,19,Central,411268.3983872506
1746.5066457061782,1,23,West,371902.5579484902
1411.796967047121,3,20,North,378404.6929376057
1397.0348348733917,5,13,North,407075.0946341141
1851.2314775602722,3,25,North,379249.41203807015
1759.9538185169492,2,29,East,390398.72189443675
983.1620839631556,2,37,Central,261584.75244280935
1460.409340692079,1,6,Central,391760.19323500345
1517.6434243307372,2,23,West,393010.46155049396
972.7576889754448,2,27,West,266249.3538071245
1629.9195503371816,3,27,East,339490.35472071974
1071.021761411728,2,2,West,245137.04402483877
1986.0333539585213,3,33,North,441004.95506062923
1596.3729563025363,4,0,West,434524.9420086056
1544.653242884525,1,28,West,323498.25223940593
1204.485823571863,1,32,North,241803.84734137094
1440.695088061153,2,13,East,307001.0014501278
501.1268535464726,2,15,Central,195040.5661906625
934.2962647384708,1,12,North,274363.7423130257
1681.419899594377,5,31,East,398030.99102529546
450.0,1,9,Central,254311.96934257334
1923.3042607405816,5,35,West,401611.4089381278
626.9517623130456,1,13,West,199367.3169009196
1878.369251332134,4,37,North,437736.7127970516
1077.2514835603379,2,43,North,232784.5354724874
1889.4955421712307,3,27,Central,460606.4983314579
1565.4756037923999,3,0,North,485674.2221157948
731.5825298542557,2,38,Central,237780.6331288979
2124.5743747792276,1,34,West,443089.2833066357
2220.853577761306,5,29,West,473404.34753583506
1467.0975469998964,4,40,Central,379994.79396717006
1363.0418639138397,4,41,Central,307302.4589149944
1420.0665170146817,4,20,Central,405759.54595003196
1012.423838610627,3,40,Central,323942.5107375901
2049.293379878459,5,23,East,515193.29883219907
1228.5540341349065,1,1,Central,410096.1868060136
1474.4047936541617,4,23,Central,431226.51735452126
1103.3517983984782,2,12,West,290075.4947563032
1186.9634501399014,4,33,East,254319.5299536392
861.1374241744147,2,17,North,252290.90353576778
2128.5346568571963,3,33,Central,514478.6458103857
1422.9562133969935,2,11,East,307663.0493750157
1982.9608093644044,3,37,North,456411.8920430617
1506.66229845663,1,7,East,312542.42148768046
1152.7982361485529,4,9,West,271162.3741125945
1336.657369998874,3,39,North,281352.069034259
1219.8844747485502,5,33,Central,309118.3640986782
1503.9795495924568,3,1,East,333226.3483640687
1312.366580161522,1,20,West,333628.15381749754
1350.0391420291007,2,8,North,352852.29333774565
810.7126579320432,3,39,North,226232.12317726156
1096.5770361894397,2,34,East,267444.3881458427
2327.0287744002153,2,34,West,500803.0859773041
1164.3833918741414,2,10,North,307629.22371004394
972.9531061882536,4,32,North,311523.7328545017
1668.6631662875154,2,11,Central,455753.98686283326
2203.636099778266,1,27,Central,498136.1147883408
772.987848759396,4,43,East,195135.84114622997
1395.7390758743647,4,35,West,277485.5397000368
1183.973723032546,3,34,North,270412.36688801425
619.4902628362986,4,7,North,251566.5226252558
1867.4633546291957,1,20,North,435097.31599810877
1488.2780407225778,1,25,North,330287.7256363582
1535.7209221463027,4,6,West,393131.5986340356
1123.8442637772055,4,28,West,314355.78398020676
1727.3920814984583,3,12,North,471044.66296971217
1230.3513252563396,3,44,North,307125.4733406505
1428.5483957516196,3,44,Central,391848.63137020596
945.8696039092434,2,23,Central,283996.38551264774
891.9486198959023,4,35,East,207897.95609700118
2167.7659276500112,2,43,Central,483509.6465588807
1246.4476477307624,4,3,East,327696.1702924991
1645.840178177901,3,8,East,371408.14250004
1483.1047826163137,5,31,Central,458307.6669681655
1279.427398618908,5,8,North,373464.3670167131
1246.0195148313903,5,16,North,330272.99123440863
1815.0412957227932,2,40,Central,432254.1533119564
1349.066197733045,4,32,East,357560.43040456757
1424.278175914354,4,20,West,354672.95510498533
1511.1107785972397,4,13,North,436985.5748434167
2088.254160126001,5,18,East,454909.0476302919
1840.255487316569,1,5,West,404305.28728171875
1691.3001338639965,4,38,West,345882.8918330721
1218.2143033233792,4,0,West,347885.18936933426
809.0156399967673,2,5,North,324668.1471199265
1974.764965867651,2,13,East,389519.0137082918
1983.2235671104381,3,17,Central,548581.2891496056
1429.6458004383298,2,38,West,268534.58757297805
1770.941920801759,3,33,Central,426500.4931350797
1890.7215269427024,1,40,Central,444950.0104285477
1915.592226332491,2,30,Central,472136.6131021299
1960.6917366232353,2,30,Central,469581.95871991763
1272.1911746694336,4,9,West,295952.474286175
2257.486491332359,1,33,West,452527.15973743994
876.7034708571458,2,19,East,190552.16633307977
1930.8615384968246,4,8,East,524568.0430363318
1746.9660395153792,3,37,North,380716.2008801092
1936.8095567622513,4,15,Central,511603.2684284281
2439.504153548369,5,43,East,450112.18515610206
2242.2227366893244,4,40,East,430022.575471293
927.4115464053375,2,36,North,195765.75578653935
655.6642098660716,1,44,East,155987.21875533482
1908.4445295268984,1,12,North,430518.6197153763
992.4937920620384,4,19,East,280366.23788872914
1493.7973056762432,1,8,West,332476.91153802356
1919.863738502597,5,34,Central,464741.8801055719
678.1013244072069,3,17,North,274713.15118017944
450.0,1,42,Central,134999.20166806053
1629.6495101686135,4,7,Central,412545.34369691997
1522.1929448066485,1,44,North,325370.9701399269
1377.0984643090387,5,8,North,362352.23497399484
1519.267381885109,2,13,Central,401287.7999858099
1069.7421963163602,3,43,Central,320152.3858134472
743.2527963639466,3,29,Central,236311.34661928267
1416.6725745598392,2,21,West,353471.20277344534
1014.1456544753041,1,17,East,217438.7263096379
678.2593387944465,1,12,North,267815.7486250902
1752.8405356966384,3,20,North,458500.1837220484
1469.300685788912,5,9,North,396785.7576940368
1703.264268316407,2,20,Central,427674.4022018905
1005.3525292870315,2,25,North,242978.62669558203
1170.9706040816711,4,12,West,328319.9151945764
1000.4784863899172,5,16,Central,385758.84989583056
1056.6790664709758,3,0,North,289516.1320718459
1597.7039588747011,5,39,North,406921.6461473668
1108.512691832527,4,34,West,232071.62113645094
1678.0331444101373,4,44,West,327664.1820839073
1669.877962709108,2,31,East,284797.5306472825
2512.580493440051,3,44,East,536649.953064705
803.6054770665952,4,37,East,199792.0096215051
1943.9511889175228,2,8,East,435134.0380119369
1455.2560190557908,4,6,North,382586.3365844311
1492.9851349345015,2,29,North,378081.39862335153
775.0680890466945,4,10,East,178541.61304808292
1269.9030936376728,3,33,Central,346633.00430589454
1871.598631721977,1,26,Central,507931.502925364
1458.7608139913475,1,44,East,255621.52206519846
1540.5271852056328,5,42,North,364506.68373296515
1354.6416596997294,4,37,North,349629.2802472369
2077.2848734931436,3,21,West,429381.3326286699
1489.2637164782525,4,31,Central,399506.50526482845
450.0,2,9,Central,263379.85574762063
1153.9637247627547,2,41,West,250975.3978047912
515.6016964598786,3,26,North,202559.9086637257
450.0,4,27,North,178666.96769478888
1234.942325113844,3,43,East,261182.93866356273
2166.7799250513617,2,20,West,461859.45665597526
1523.5599530652964,3,39,North,388074.9386172186
913.7271462975103,2,33,North,259234.08587932482
1029.6500658987889,2,40,North,237878.30693618144
2065.306615125004,1,6,West,383224.28357605945
1578.8133116992324,2,18,West,382363.99420593405
1523.9996207810284,3,27,Central,423757.9040483613
1473.2691055809714,2,11,Central,382514.8541340931
1519.2001307776732,3,16,East,290108.970229776
1902.7028234718991,4,39,Central,422518.7824271901
1776.2836486780377,4,39,Central,462435.3013379915
1607.8523500122474,3,35,West,314430.7164878765
978.5658212049947,3,10,West,267463.2642783726
1755.5543824548636,1,38,North,371433.8387091165
1157.8764610037529,3,3,East,346959.4201277334
2046.9228379502392,3,17,North,475066.7810036237
864.4745891379363,2,4,Central,313071.43329772534
1431.1895118622058,2,12,West,329392.682198385
1496.3208568543646,4,35,Central,441775.73360371427
837.6772246779317,1,10,North,286572.02544179244
2360.9858219282396,5,21,Central,577518.8166975077
2230.203383629776,5,39,West,428188.219516104
1268.2081191954585,4,12,East,300627.735449551
1885.8605827822616,2,41,West,390610.0511615298
1689.3380348351059,2,25,North,365989.82596553024
450.0,3,16,West,204718.18858491676
1625.1990081387953,4,28,East,368853.58246006357
1469.3279600833757,2,39,Central,367711.93477900827
1541.6086767372651,3,14,Central,447184.86171490833
961.5625400864109,1,17,Central,313631.07994875894
1365.3264768897975,5,3,West,357876.8072542957
1410.8706183088514,5,20,West,351127.4573005124
2094.0471086061593,2,14,West,528452.7265996867
1667.2135301955072,5,25,West,360526.6706308356
1497.2224848986682,5,28,East,332377.5860702595
2264.48499895547,1,9,Central,573055.8115871978
1222.3760351181763,1,15,North,308137.9901690881
1305.2848475623077,3,12,Central,365461.1865699539
591.6224943304701,4,3,West,197438.7229679895
2284.552923141806,2,11,Central,568077.5992747158
1982.1661840972142,4,30,West,462475.85620854335
1958.4240222558537,1,11,Central,525921.0108377925
1834.4492232234688,5,18,North,460242.26936900575
1555.074293831826,4,23,North,421087.63613673655
1607.7444695911645,2,0,East,352367.051180713
1373.9967048663461,4,4,East,362290.0644456937
1398.199787138527,3,2,West,348763.35326446505
1527.1518058568472,4,35,East,333466.73106304195
2255.9147557818887,4,13,Central,587906.492665421
1777.8439509040393,4,7,Central,524614.4765091178
1470.7699371205692,1,7,North,341087.5525230329
1210.3039747783018,1,19,Central,376627.81155882694
1182.5007562941703,4,4,Central,379506.04535222996
2301.3525055862447,2,28,Central,493564.704845623
1753.3436521135518,1,31,West,351917.01243889023
1533.7752791553273,3,6,North,361734.0919820991
1326.9090789236386,5,44,East,288146.4347133539
945.4732941497361,4,18,Central,335748.9506547358
1466.569221265052,2,37,Central,356038.51121099084
1936.8290172351005,2,25,West,427030.01873297343
1303.731376581255,4,39,North,307512.55924129765
1386.37870849972,3,24,North,347537.8048444329
1389.4828242805108,3,14,Central,357739.5692014988
1554.7971839990844,5,40,Central,406369.6722213386
703.4945606271955,1,40,Central,186580.45589594115
1382.3008240174545,1,35,East,256409.28611956802
1072.8022409229643,5,30,Central,335930.02031571
1942.2925162813026,2,5,West,453630.5193257998
1114.70066171757,5,34,North,254472.64692494026
1788.5233736503478,2,37,West,316488.80415198463
2262.21872636338,5,29,North,504629.0255461457
1343.2018693591872,5,24,East,341091.90529633936
1199.211873938267,5,29,East,303469.32046648464
1595.7161295630465,2,30,North,389033.7357305149
1498.9854861954857,3,4,Central,477154.75402873836
1003.1918263301443,1,7,North,303851.5694431162
1730.4597078566899,2,12,North,417634.580777643
2507.758026737704,3,21,North,518113.920624863
1370.944002367138,1,17,Central,341933.1670269248
1398.5619019676683,4,31,West,313933.21869709605
977.5339882154572,1,27,North,256493.04613688678
1659.5442258432738,1,35,West,340042.3055182869
876.511887646186,4,9,East,261316.8930162263
946.5344878242582,5,36,North,266261.85563060717
2139.8336359218947,5,10,East,510385.7739154535
1047.2734703026779,1,9,West,279322.83023618115
2040.6787846656691,4,41,Central,486254.19137223513
2262.1790018914035,4,37,East,462534.43890292646
1629.6632287383713,5,4,North,431602.2763411461
1776.6957014254117,1,25,East,325996.6221219619
2476.1254718433893,3,42,North,520455.79136482265
1401.6357989671417,5,30,North,373788.08589201694
1203.4971015291922,3,25,North,307011.21093967056
823.3844676085291,2,38,Central,235220.05384603914
1520.853540173173,1,26,East,378702.0910385602
2239.572105459153,4,18,Central,530748.847139875
1979.7976907004327,1,41,West,372138.27285713714
1028.9543792910213,5,41,West,264232.2977190011
1072.312308083702,4,41,Central,273227.73662404047
1247.9143853295182,2,39,West,268702.09643285855
1646.134041247671,2,11,North,459205.93084407743
1397.344286448158,1,36,West,313751.29608203366
1607.2269727215407,2,14,East,377030.7302948678
1648.3696890227236,3,17,West,403637.5334473382
1350.6132066607763,2,26,West,309916.23766203603
1479.9130291985282,3,23,West,374336.5688966352
1603.296188608017,4,39,North,364700.9800102456
1458.015148233412,3,7,North,377868.4545399241
1751.7604324970255,2,26,North,399819.3559143744
2435.4378866640022,4,34,West,531172.528288288
1795.9861423854152,4,19,Central,484010.3426400021
1527.905273204276,3,40,Central,398619.59122259193
656.9406883190426,1,33,Central,155841.04397826336
1693.9785430076008,3,7,East,432637.96689357987
526.6607941163963,2,6,North,288583.6906992571
795.482956921939,3,33,Central,302856.63897818007
1927.3196262343827,1,16,North,424952.33652646246
1853.1175300683321,3,31,West,371042.2692913317
1425.0305008255575,1,34,North,322504.26462067215
644.9944469238922,3,1,West,209464.75233702277
1314.325741554575,4,31,North,354977.1510265187
1160.630840891988,1,41,Central,274548.0834047786
1818.4203730651052,1,37,Central,441443.4756530821
2628.8652662137656,2,21,West,580115.5050346279
1608.4652439773279,5,21,North,352713.86026462715
1110.3444359839416,2,12,West,298493.6166226085
914.72423484839,5,22,East,234528.30485642952
1471.9528596158636,2,1,Central,385498.3522262124
1411.603403243206,1,8,East,305110.30810178217
924.2404202362642,4,35,East,216174.05715037187
1558.177617846092,1,14,Central,439491.7003592746
924.5432393445692,1,15,North,215152.84889575318
2056.0536358646505,3,31,North,483533.7638910389
2031.3253028940776,2,23,East,476623.81536294473
2042.3756326482103,4,20,East,463338.9676909457
1262.974764695736,3,8,West,350998.821313425
1757.2602816590445,4,15,Central,474117.8707787341
1433.9652473903216,2,27,East,269092.7112179471
1305.5939692987592,2,27,Central,367923.76444530784
1330.4271714289669,2,17,Central,385745.57952587324
850.1423634829247,4,30,North,275722.70090062753
778.0681520524394,2,36,East,250427.13707478973
1897.1573954380228,5,4,Central,551635.9724024956
1404.38229804024,3,29,East,319338.2525439071
1608.2124255638116,4,32,West,409695.1141147601
2000.8551942270599,4,32,Central,446193.17721163546
633.4337524919629,4,12,West,193969.82844809667
1107.934963092053,5,11,Central,367832.4237407368
1587.6674217325353,3,19,West,351993.9207520011
1696.0473933327864,5,2,North,484026.29467558506
1311.4627747994516,5,13,North,366582.74908260995
2014.5896163489242,3,39,Central,517551.19809086906
1605.1974694148184,4,37,East,383922.9797479532
893.3089305860701,3,42,Central,286831.1942613276
1034.6181120046774,4,1,Central,361678.41610614455
1902.7355302473113,3,28,East,414087.2346183162
1731.9157282280298,3,2,East,436817.0327522878
550.4693804966995,2,41,West,107534.9922223315
2173.8561519312043,4,23,East,473488.21854636836
1799.0135155469438,5,31,North,450210.7788043393
2171.671493848249,2,10,East,470536.42261090473
1308.149559462458,1,27,East,318459.47687958635
1352.146889333837,4,37,West,345450.59566727496
936.7714576243405,2,18,West,223767.53380811698
2768.464785065944,4,35,West,564215.8075495642
1412.2728872964256,4,16,East,317281.97502053546
2293.7665960409727,5,10,West,550795.8327278481
1176.3537743063603,3,22,East,253247.464374878
1581.9205961665505,1,30,East,341535.44247433037
664.32375671496,2,10,Central,281901.0108738498
1308.5664256166156,2,23,North,353724.1620592416
1991.8774542000137,5,19,West,460026.01597868383
874.1280922127517,5,38,East,175883.6202520581
2036.1137724673058,3,22,Central,552694.9656354693
1668.6189079242313,5,0,Central,491831.25363084336
978.0245375078721,3,1,Central,393654.995918385
1249.2013642871632,2,22,Central,363915.7088620496
1270.4671616472933,1,17,East,302949.1227489389
1475.2403310287489,5,3,North,477659.53135946963
1231.9280170284537,5,12,East,339194.46203473536
1086.3560495977317,4,15,East,329119.2479003311
1347.7061487425913,1,28,West,246918.80937825804
986.5551306954756,3,9,West,310580.1523597041
855.2367136784616,2,36,North,214609.81254810726
1475.9117587463206,4,31,West,337462.5369469771
1941.4371127772843,5,27,West,441412.9856242197
735.3141474413175,3,31,Central,266275.7893045324
1501.7540757319803,5,29,East,395321.77758721774
1175.0219025993522,1,4,North,268817.4395265577
1011.4272814326551,5,27,West,279720.979599469
1926.7188263573094,5,9,East,434481.1822213117
1240.915155454667,5,11,North,402334.57234536164
2249.1508415324397,5,35,North,487908.6446286735
1110.0803179268032,2,16,Central,351167.15709687676
1693.2509968129161,1,35,North,347393.81121226394
1386.3584967213985,1,37,Central,357054.49646561546
1122.9890954368184,4,11,West,346167.1915147555
1793.8375212888764,3,42,East,339399.56677037
1422.5087134625965,2,20,East,316411.2904031773
1801.6052903568234,1,8,North,384270.12010255805
1476.3542463915019,2,12,East,347923.9867273647
957.0918723492808,5,0,North,363179.1157008016
1448.9653784055465,1,7,West,330306.79040234414
1525.9775847580702,1,43,North,349256.9587501458
1979.2314769405987,2,6,North,410366.19798851537
1046.8654963324107,2,38,Central,231261.39848213142
1480.3350733663474,1,29,East,256211.3661162706
639.0606348849806,2,27,North,185691.76764456046
1825.746530171658,3,39,North,397864.1992063225
959.2585126796771,1,36,North,226704.3032398434
596.8202394581973,5,23,West,211030.78346932848
1470.3915828626314,3,26,West,360225.8076337224
2052.8424793314234,2,44,Central,437883.83857879177
737.7765258940623,1,40,Central,180203.62547388062
955.9822073057865,1,15,East,193983.2736082454
1128.3625544733593,5,10,West,392843.397663993
935.2516768289984,2,1,East,193305.5554768557
1689.7139441672923,4,19,West,395210.0825029584
1096.316277477757,1,27,West,292992.55640674947
1139.242631769899,2,30,North,296868.42925731966
1791.6526993411555,2,44,North,346452.53621805634
1122.2426845156579,5,9,West,330258.04912897747
1716.3900488903612,2,22,East,388685.8223934624
1014.3074140589783,4,32,East,280148.260972612
893.9307428923553,5,4,Central,327257.6434518064
582.2753554045387,2,11,North,241911.93229738975
2430.6013934558646,2,33,West,490530.26119037357
1339.8704839345016,5,31,West,361809.4791048729
1621.9666839742147,5,9,East,444356.6314713888
1484.4752455096004,5,36,West,334684.00411416916
1579.9808785036314,1,39,West,268808.87261562585
1524.8432396871863,4,19,Central,438522.662503747
2454.108519601349,1,14,East,548567.634049605
980.5367045214264,2,44,West,229961.38655615924
721.2689469509115,3,11,North,261326.95062948778
994.0201657578226,5,28,Central,400584.8950400221
832.645495120727,4,16,West,224712.18518977676
1873.4810262409712,5,34,Central,498748.8852306718
1910.1891047688785,5,27,Central,473569.96350881853
1019.3422274248368,2,0,North,316873.91978957667
804.7821117685041,5,2,North,309926.1777797477
1322.6016734294526,1,5,North,393894.3919364542
2195.561938938197,2,44,West,393942.92515134224
450.0,5,32,North,175097.36872634478
1763.3133845079374,1,14,Central,396591.2816148579
962.1223862757073,4,42,North,266387.3925097438
2020.1835732706372,5,13,North,486385.17102633946
961.038029561624,2,28,North,267440.66645317053
1357.2920863920797,4,21,West,306528.14155903447
746.8604496802184,3,41,West,174119.07008978492
1011.3710747509513,4,21,East,294357.80973090697
2192.919581523059,2,2,West,491931.3503436231
1910.2893429450294,1,17,Central,483469.8088108942
1299.1659239246621,5,40,North,341203.83341618587
1064.913814897872,1,17,West,251164.7370585121
553.0964317440929,2,39,North,116799.49755907102
1303.171644049508,1,1,East,346817.0390206881
1484.548373706851,1,28,East,305517.1865681565
1457.972821082758,4,6,North,432843.6463836301
1453.104036011915,1,19,Central,320712.5532422365
939.095186386537,2,24,Central,243503.3781953437
1466.863057317191,2,31,North,273619.21054516546
1480.663310232447,2,32,North,312210.9494591974
2145.2810189015886,5,10,East,523682.67536788655
2433.366727176181,1,31,East,478018.9368356191
1431.5054865411041,2,30,Central,367488.84140361927
1116.8470244120567,4,0,North,358385.438130105
1467.5089351190181,3,31,West,351837.71002477105
1196.1893623727815,3,41,West,254468.6271280002
1128.7830921268755,5,24,East,301219.1096311451
1470.6749240389288,2,8,North,384166.7488857901
978.3477844238424,1,11,North,211799.5830280953
1803.0533755775089,5,34,North,412789.47608316445
1448.0422254079613,2,0,Central,466170.0779610576
1625.0041534299762,2,7,Central,431899.908578129
1408.5299820146643,5,8,East,362800.06586211576
1136.3727763737938,4,10,North,321659.251263616
1026.020220125574,1,37,North,224414.57385771925
1381.3619978377296,5,5,North,436458.715315139
1225.619831286094,5,9,West,340240.8910484342
1616.9506666047878,1,39,East,273107.8941233278
1497.7841484011803,5,3,East,298371.3258655959
818.8466260386353,1,13,East,193717.05602039458
1533.560649714176,1,11,North,315568.6094686085
828.5697914296214,4,35,North,186287.22869415596
1191.7611872403597,3,23,West,319013.5500658595
1352.8231953910763,3,6,East,360204.32616565883
462.3633610443444,3,26,East,89597.20826491342
1545.7537239299907,2,40,Central,396051.28582799836
1575.4916748571675,4,39,Central,413291.79735764524
1420.9879032876636,2,41,Central,323365.82096235757
1287.841363764203,2,38,North,316003.66618658963
1313.19816994593,3,38,North,260610.3998030937
1011.7302656944717,2,43,North,200519.9039108646
1365.149815135594,1,27,North,273110.55849098274
1223.694098242569,2,39,West,227601.35549010106
1545.8426963436993,5,14,West,421683.1360253949
897.9319552275714,2,20,North,218129.21823279688
1617.794954505572,2,14,East,325375.172972112
1571.609446738835,1,6,North,361680.7058202351
1429.2185839106382,1,2,West,358377.16403726244
1280.3975884568554,5,43,West,286478.7498765925
1776.1699462350562,3,30,West,410699.9245586633
667.6991466030677,5,10,North,247506.53610776857
1730.22666907256,5,15,North,407106.8361129986
1621.518733095186,2,27,West,337041.48295861855
1641.6881462673077,3,6,North,425541.0876390655
1691.6562962163375,4,11,Central,442216.6104286551
1173.1777967035748,4,4,North,365325.8521737051
1370.2699708492823,3,36,North,377337.7148649938
1818.5291656081747,1,17,Central,430995.83638941776
1715.3196220415552,2,9,Central,457069.64371370216
1603.3563827213243,2,8,North,443486.47921142506
742.8398774401862,2,18,West,194862.85982064865
1768.943557441604,3,31,North,376023.366808849
2084.7354959965533,5,9,East,450461.5583628424
2004.8357465214287,1,9,North,472204.78065953037
1616.9390243845528,2,38,Central,401588.6324058934
721.1606981979028,2,0,Central,293307.6411773467
1971.27240711401,3,27,Central,480170.2050603786
1426.3726816401163,5,0,Central,492328.1614754273
450.0,5,28,North,223839.46302308736
1688.603701553602,3,12,East,344298.6951607556
753.9141084602318,2,14,Central,277850.07062260824
851.7797099024685,2,22,West,228986.55269278382
1182.5205538130735,5,7,North,385279.6914370221
2136.295588941442,1,32,West,414857.9423262797
1314.5773229108036,1,38,East,232569.01335236352
1635.4957938683579,1,19,North,363521.189897634
2373.983981876115,4,34,North,459131.75370976544
2297.0148813278956,5,34,North,509212.98360616266
1448.3232920863175,5,33,Central,380335.7739908322
1379.2394889697443,2,34,East,295316.92669863487
869.564682955225,5,44,North,211316.27706720884
1152.7709629092044,1,10,North,295760.53694934084
1712.679173806385,5,25,Central,429441.6820235084
1697.8653809048235,3,42,East,301600.8093734661
1555.11911558698,4,8,West,416765.2475324136
1997.4008287819627,1,15,East,398598.80833998346
1113.8159934834098,5,27,Central,363622.4546121787
1471.9617399082674,2,3,Central,389572.5883887004
1865.6214942474062,2,12,East,408729.1344492078
1792.072953113959,5,13,North,408452.8207818919
2035.4728878662097,3,23,North,447347.6641746173
1698.5102033825303,1,24,West,343824.36201381125
1345.298722201584,2,20,East,317745.69811925804
1681.0961301311997,2,36,North,370608.94664340233
998.7024018079455,1,25,West,229322.27168033997
680.2703342284368,3,33,North,231551.6269143713
1790.3358904485885,3,41,Central,427008.2900664165
1472.4298335894957,4,25,North,386552.74050006596
1654.2048132085042,4,36,West,385406.78971040505
651.157818079291,1,20,North,200685.77414984815
1317.442987637285,4,18,West,327063.5114055639
1200.0714431342362,5,2,North,384920.30015202845
1067.8939426316651,1,36,East,199275.01175996574
450.0,4,3,Central,277651.48612653906
1332.5632589314744,5,38,East,331680.9955023235
1948.6521440830954,2,7,Central,524687.6657166362
1690.498860931869,2,34,North,358863.6087477878
1199.526695167097,3,44,Central,273863.68947968405
1492.56201417485,2,24,Central,386969.9711363939
1878.4000401190044,2,34,Central,434393.3065945269
450.0,5,40,East,173513.21858787964
1437.7317265966813,4,37,East,296161.86422897567
1771.600073590719,5,22,West,412787.96184859815
1841.0643126170876,4,41,North,428026.2015644779
2350.365103505015,4,4,Central,582423.514858234
2067.52283954824,4,4,Central,542450.1382804079
1656.2814173731235,2,12,Central,490181.6426355095
1650.9880030577133,1,44,Central,413936.8815387564
1893.4726739972998,3,29,North,444607.9253044904
1230.3365026288297,5,8,Central,412541.5978911395
1479.9059725284073,5,17,East,332956.81618683075
1953.1195015392684,4,0,East,481104.5860553516
2478.722607447545,2,19,North,536900.488280462
1420.366347134129,2,27,Central,377157.92519707227
1475.7996553350679,5,18,West,358925.1745252856
1599.2400968938396,3,22,Central,421491.67387901986
2171.6018470040285,4,8,West,497697.0450597503
1484.843348205425,2,3,West,379477.5823158354
2234.6795182355727,3,4,West,553206.6566050198
1016.6713912856247,4,30,East,257325.28822312818
1406.9818521315024,5,2,East,326557.95161624067
1400.9174216572371,1,8,West,306288.18176125817
1893.25286204811,2,30,West,345474.4807306391
2022.630188489139,2,35,East,367781.92263079586
745.2778209408838,4,14,West,259533.26403187297
1042.4411870943877,4,22,Central,347402.4527769088
1668.4262393882311,4,20,Central,430609.0620026701
1170.6531770570925,4,34,East,274211.45546676824
738.7861121761786,2,42,East,131591.92392730623
2019.2399860117396,1,37,West,348802.01114573516
1746.9850420768241,3,28,Central,394785.89908494987
1746.5887484303735,1,33,Central,380095.6771368032
1262.2771417769522,4,36,West,336186.9770661963
2014.4692260836605,4,38,West,381542.4391073373
1380.02000178644,3,34,Central,399075.0161802853
2048.217638911476,5,32,Central,544134.4497108348
1044.1674245286888,1,42,East,191215.13878494312
1072.9322761580995,3,16,East,269024.642302848
1602.3316052988482,5,3,North,425177.4501915862
1148.8339271014706,2,22,East,261223.26493800167
1837.7255326844152,5,17,East,444219.3053581683
1630.0438720645268,1,1,Central,443231.4039101617
1038.5143910684508,1,42,East,225485.93955347815
1536.43280047255,2,43,East,327487.74041809404
1324.3611559063168,5,20,West,354528.1776961545
1957.9164145885236,4,32,Central,487306.6126030626
1183.723508410898,3,42,West,256181.9022955047
1280.41345226356,1,21,East,286107.52956284134
2105.618452688167,1,8,North,445183.993556372
2619.2966946212564,5,5,Central,664976.3178602026
2499.5043321139683,5,2,East,573414.7860748732
1531.6115058303042,1,2,West,343069.79870664864
1609.4273535341122,3,40,Central,455529.19860260765
2266.7293311413305,3,31,Central,493226.9226235814
1437.7825968776845,4,18,Central,385642.4679831221
1011.8254314313168,1,43,Central,267445.1299987147
1558.4377987181492,5,22,East,308562.74795959477
1725.7583902660658,3,16,Central,430944.7384030539
1085.425191090876,3,42,West,195131.84566592285
676.8844292504241,2,32,West,147343.2825900819
781.6352427229493,1,9,East,206033.1775257311
1832.7146420861645,5,31,Central,477903.58072586055
1120.8117418440781,5,43,East,285202.87672572595
1429.326453814443,5,17,Central,447075.1270478384
1606.2793421689194,4,17,East,408371.31556172494
1809.570439547355,3,24,East,402492.97728653
1332.548600643263,5,11,East,332766.9633273552
1749.3578502403009,1,42,East,353325.98224593286
1054.9698539395786,2,10,East,252388.4792110244
1319.1429871609942,3,36,West,274041.53607175377
987.7922061060647,4,23,North,334642.7762951838
2065.8836081809586,2,29,West,448308.3559495311
1486.4583859665045,5,21,West,377272.96294883115
1130.3462561848503,2,31,Central,334909.9960189529
1323.8141009674268,2,39,North,323155.9484326318
1389.1357596383625,2,25,East,257640.68479504762
1850.2598956625047,3,2,West,443742.53076771053
702.1819109073821,5,33,West,176512.74949292972
981.3970791872905,2,1,West,288958.9226598584
1310.9463742212515,3,25,Central,345663.7277717586
2766.152916383903,1,6,West,618333.3180076112
1977.8394462659974,3,37,Central,476407.9514574123
1444.2741604345283,2,27,West,295168.3987002438
1855.9997912054198,3,28,East,385189.8896203395
2528.718084815168,2,35,West,458564.69027714134
1383.1280366123049,2,11,West,338802.99656644627
1316.79332795122,1,21,West,313372.63414762955
2105.971771610948,3,8,East,473367.2576493591
1747.0877490664714,4,27,East,321637.14707383764
1835.6665776612783,4,18,Central,471119.5235290557
1245.8888003597096,3,28,North,329202.15412931144
2462.101566171371,5,27,Central,594757.4236785936
2354.79540079683,3,0,East,558150.7319503046
1782.9738944363748,4,9,North,414602.1381591915
1842.144919073619,2,11,West,433582.14137368964
486.36956387848215,4,17,West,172307.70181089395
1818.854896748604,2,44,East,345250.2367232095
1402.9457063873385,1,21,West,324174.77482095896
1716.9528529141112,4,14,Central,488156.2537640785
1841.2297059230489,3,38,North,382812.0872094642
1329.3541159458623,3,42,Central,343872.55889257864
654.7590999064579,4,13,Central,248444.52824861815
1683.9372825371174,3,22,North,359079.57356402924
1129.3081737798025,4,6,West,340764.4569731159
1334.9029536378303,3,10,West,340259.96159075014
1197.7450779529026,5,23,East,252943.34677591844
1329.212872372406,3,0,West,333398.7060477451
450.0,3,32,West,147993.23343284923
2108.4735636157584,5,9,North,567687.3700050082
1626.673051163237,5,22,Central,479667.90835590765
2055.699631459432,2,14,East,458748.12585836847
2489.920914904968,2,10,West,479462.2598900671
1511.2965612813753,3,19,East,338620.9465035645
598.7818720797122,1,30,West,169353.04335835285
1053.0565748102076,4,20,Central,352351.5923611047
896.5477595516448,4,31,North,270826.11532001063
1249.0626784275005,1,24,Central,327646.96290680097
1539.8239890329887,2,33,East,363037.13273835304
498.9063664883806,5,21,East,227033.90403194274
1671.2377466707762,1,26,North,367105.6201158624
744.8216733570611,3,1,East,210412.30271144837
1648.6826314000057,4,7,East,459757.7948206367
1445.2544274115094,2,12,West,329996.39253011835
1343.1843804037112,2,25,West,341195.8602984794
1463.4784720293435,4,43,Central,428215.53805889067
1230.1109921341538,3,5,Central,359224.0355261328
1193.7642782979133,5,1,West,364069.03903347364
658.6218045655562,1,29,East,141880.40445557242
1485.1863425753354,4,33,North,373195.5658505258
2422.7668553116587,2,39,East,463639.1716639466
2490.2475314423023,5,21,East,589590.0334158244
2160.9087982724714,3,34,East,445904.6087811107
1852.900800425779,1,31,East,357441.0723253874
1161.7599379600058,5,1,West,383520.97566941025
2221.3753941081304,3,14,Central,536628.9217704677
1471.9362227795154,1,32,West,293276.5230545117
1465.5622451184634,4,16,West,432058.62256327056
1354.3864340803675,3,26,North,311836.17547882453
1545.9809495091479,5,23,West,362724.85946199566
1282.3925492059718,4,29,East,295780.280983575
1458.108915313447,4,40,West,288709.4883153788
957.7004456363693,2,38,East,136174.9139763247
1313.1681476297408,4,14,Central,428509.80620571494
2640.278234974911,1,20,Central,561750.6154510515
1465.2029860190266,2,3,East,335016.8883811374
1380.6697176141186,3,36,West,291886.640148514
1766.1871395525263,3,1,East,389078.51915161125
1854.060910851731,2,20,East,356479.73985995376
943.1155704139633,3,39,West,225905.78739162412
1396.4206085983774,2,41,North,377738.355514141
1959.1379204673826,5,14,Central,542976.3945039269
1634.9188145360529,5,43,West,379352.08392944984
1560.977021750886,5,5,Central,422245.4218373829
2277.0088343043667,2,32,North,475387.6601564045
1161.113620180178,4,26,West,258131.40776674147
1541.3729475538166,5,36,North,396339.0493303093
1239.9706673724643,5,38,North,309987.8478468714
2245.1541145381207,5,19,West,508081.1818640371
524.0698003617339,1,26,Central,201490.1717096882
1164.9291522581202,1,33,East,216189.74737298427
1235.4215169860413,4,6,Central,351990.633313245
1831.769811585795,2,27,Central,459580.4165792718
1803.1377380547635,3,18,East,352892.0345872982
2197.597130119366,3,16,East,431591.00922633894
712.9835788313374,4,11,East,218274.66330134156
1875.2375045152398,4,20,North,428215.1497356246
1353.3600678558469,2,0,East,344920.0153351303
1167.1873813709121,4,27,Central,378202.0832543679
1769.7842666862605,3,43,West,366008.6708065523
1039.9302086321757,3,21,East,261331.28957812814
461.5433523428387,5,20,Central,248699.94537297392
1314.8907555386825,2,20,North,355077.15172777337
751.1145741790483,1,6,West,169500.32271928538
1175.5420894646609,4,24,North,330764.1546479054
1685.7773818755504,2,39,West,312056.31511575513
1655.999872807079,2,39,Central,352842.6307935089
2293.4497244892837,3,44,West,448528.6525344993
1400.1726265282566,5,7,Central,424041.27281872317
733.3342047260724,5,36,West,229261.59523191894
1121.9515716821609,4,22,Central,381994.0393629284
1040.307887686864,2,11,North,227714.15869073887
891.0874207708754,5,34,East,225800.17362666
1717.6835975077204,5,8,Central,548175.071112327
1177.38383101738,1,20,West,300299.6261592267
511.3135916564961,2,23,West,206701.56838458835
1848.4614015596067,1,24,North,407564.5900143359
1444.2867156466466,2,26,North,298121.6548676912
1678.4186391762694,4,4,West,390005.047246109
1552.8607723499915,3,39,North,369132.513969223
1815.8273670741874,1,8,West,436366.78454609506
1519.0093735077678,4,43,East,288712.0818364741
2118.1012417391057,3,43,North,431450.1430215061
1712.4913949886127,5,40,East,368763.72831950686
1696.0338116942016,2,13,East,321132.89473798976
1704.9334588412783,5,15,East,394095.12681210495
771.6811287156399,4,35,North,277822.44387425407
1417.68212409814,2,26,East,367095.3070448204
1370.341755225251,2,44,East,257595.81836677538
1603.773360580242,4,5,East,448840.7425745483
820.6529178518541,4,26,East,203297.57210970356
2317.0573884464557,4,23,West,477011.7403638606
1552.1943320782636,3,41,Central,311922.2415573115
894.341229674663,2,3,North,315053.94372438773
645.5565182105811,3,19,East,178787.03885219235
1359.3563531396655,4,5,North,456319.14421049494
1455.162293536767,2,34,West,318641.1796459942
1140.853957012805,5,5,West,344548.99339373276
1546.0569139619615,1,43,East,228221.20464396477
1179.4121163802197,3,13,West,354251.05108410073
1775.8291258531494,2,19,Central,435938.064139333
1137.7290908055581,5,13,East,304126.8531007661
1480.7498874475373,1,15,North,290196.52129311045
1989.4195866810692,1,31,Central,479399.8809586039
2785.8344414551466,4,16,West,625648.8853079923
996.1784036846966,1,3,Central,310024.0334485264
1267.7461149564504,5,6,West,362117.58951896656
1080.0821511000327,4,5,West,329069.46866792516
1892.1641608846376,5,44,West,429100.5667406777
925.9503471412183,2,29,West,228264.07783270095
1257.8214772034567,4,42,East,318492.44924147474
1485.1993583812448,3,30,North,344931.8707959854
1010.6607302601279,3,31,West,229173.58240083017
1021.3374788454094,3,31,East,220233.1741942214
1262.1885559390676,1,39,East,163857.2493375403
450.0,1,32,Central,156252.3019337225
777.2608914633329,1,20,North,254543.23285986797
1293.4829561034128,4,29,North,339424.3757332303
1574.1153181709994,2,17,North,355633.8241603914
1407.1200070232032,4,24,East,335871.7597743234
613.0156525803028,4,6,West,173258.20186048094
1268.1068541200011,1,33,North,278318.5601371526
1899.2188202530883,2,1,North,481661.0861491028
1777.932755995661,2,3,West,442031.4324877503
1460.6260692360827,1,11,North,336927.664696048
1056.3150624508983,5,9,West,344401.67936138005
1815.6081854761028,2,34,West,427985.80825653387
1210.5355093950266,5,33,Central,343007.1552955866
915.3757987629908,5,10,North,332792.0572650449
1098.9068824191056,5,8,East,264557.2662437734
2224.172645887076,4,15,Central,495746.2287582028
1610.0900191008466,3,23,North,405129.6575631863
2079.6235265238524,3,32,Central,489018.12488598435
1260.331843345316,2,11,Central,377151.6868352033
1969.0746695925714,4,31,West,408699.4712416763
1199.2479781909617,3,19,North,313264.4953290417
1421.2863154835848,5,3,West,416068.3216068527
2743.1751299778466,1,37,North,589426.671314821
1883.5743161498085,2,14,West,413352.84284651856
1249.4148123361538,3,29,West,243350.65085357593
1457.59048048664,2,12,East,372152.90447427623
1663.1117104428222,2,20,West,388567.0798323798
2105.228794757952,3,29,Central,518122.57083083567
1255.4334541649248,1,12,Central,363013.7737900189
629.3404576977604,4,3,West,311901.24714409746
1360.1790934368464,2,36,Central,345954.027327873
1507.6927285818783,4,3,Central,466334.936895299
1554.76898436762,1,29,West,268726.5820898089
2158.345068091331,4,26,Central,505991.636145092
1658.343539152964,3,19,East,346857.4535027051
1906.4584858179924,5,7,Central,523595.3526569099
949.4431530375988,4,39,East,228863.70662800892
1933.950744212274,5,17,North,453810.03408940544
2548.109915828142,4,31,North,599534.9083803317
1886.454645125089,1,37,Central,391017.40698768076
1626.7778599703588,5,44,West,340428.1117441721
1576.9940942038716,2,35,West,335589.9613511286
2393.5711195130016,5,29,East,462591.21304731315
1036.4092583045685,3,43,Central,302562.64709897275
1444.448821022975,4,40,East,322237.1911395293
1730.1037964691068,1,1,Central,451653.3680898094
1872.0005539065994,5,24,Central,545166.6296515635
1281.336047145807,4,14,West,338951.7117096295
1653.6606973636176,3,31,West,368492.2010911349
1361.0392593244387,3,5,Central,381822.2102030137
1560.2355664006398,4,37,Central,348643.0712662533
1433.954229813052,1,43,West,259062.50929992954
929.2031610722253,2,4,Central,316222.70357374195
1489.4432074882766,1,33,North,312045.67704020784
1938.5757610309179,3,21,East,435991.1453585272
1016.4908542291629,2,44,Central,197513.51297212945
1379.4541256125826,5,27,West,307229.1568467784
1832.3900322285742,5,42,East,323710.0783543542
965.0674466264135,3,2,North,352027.6686508512
1591.3191687540793,4,27,West,350384.33841174445
969.9350905232817,3,35,North,237750.00894846313
2067.3152504168875,3,2,West,451573.9308267501
2656.410690939931,4,32,Central,626742.0996083966
2511.1276421228818,2,37,West,475957.1587592993
1390.4096611134312,2,42,East,274858.45094971167
1870.0995643703131,1,24,West,327465.1764380875
1560.498864250078,5,16,West,427927.74552016106
1551.0529480346422,4,38,East,337369.1586853653
2273.878530468915,1,21,Central,536183.3751481506
840.410211907923,5,14,North,327483.62448805384
2027.6472987330574,2,41,East,375730.15219360235
1475.5120024221328,5,35,West,338692.1263064368
2204.2703103020713,1,18,East,464406.36362302816
1593.6166844497216,1,1,West,394400.30909757165
1163.6640027369074,2,37,Central,300193.3016731067
1638.5701883756915,5,9,North,440382.4345819528
1867.9835475148416,5,18,East,412862.9559837581
1517.881837055597,4,2,West,421018.72166715976
1744.019138278299,1,15,North,430772.1121673176
1239.1624121490086,4,40,North,302532.8193311164
450.0,2,12,Central,284119.88516975445
1950.011791886671,4,3,West,427168.48105546855
1849.5798680921444,3,9,West,426999.43368782673
1574.0891923071667,5,7,West,462820.25784087414
1534.2052811051617,4,19,Central,414158.27913750825
2018.1478846773687,2,6,East,394829.4381647705
1271.4466372617198,4,7,North,409387.6791459916
1146.732967320741,2,11,East,297824.51698871
1405.725065252007,2,37,East,244056.33906195458
2094.548594275766,2,12,East,468793.13438782963
806.4435478677575,2,43,North,168537.0222359616
2095.914996307004,3,33,East,378649.01525868446
1180.3735728972429,5,4,Central,398351.3633506889
949.628250137989,3,16,East,234490.9253644842
2130.0309180711592,1,2,West,440713.08510909404
1451.5549526019026,4,8,West,366194.79798696627
849.8828178075383,1,0,Central,278093.10434543114
1320.6334704717833,3,16,Central,385682.4003803218
1965.5262154435186,2,41,North,405043.55937809614
2096.0370963108867,5,43,North,480382.4531724567
1286.4506590394747,3,3,West,332627.4808808084
1703.1603795486376,3,14,East,344380.19648408005
1857.0423161972149,5,30,West,379879.9994824372
1177.6867531418222,3,33,East,250877.58002258782
1677.5180375832217,4,13,West,453939.04002841737
1484.0610426222195,3,21,East,359009.2603799452
1231.9877947634534,3,8,North,328492.6176538399
1253.9260323105375,3,23,Central,387950.0636278493
1533.5172409336055,3,11,East,325264.09553492646
1514.9267434793164,3,7,Central,464571.5608115667
1217.2550233378313,4,31,West,283286.08588906075
1287.02744579992,3,6,North,384134.0750979912
2056.6686191701688,4,0,Central,571228.5492825054
1606.9135675884918,4,21,East,357657.6348710449
1942.5471832941412,2,38,West,396991.51838233054
2100.91111596871,1,16,East,396352.74659878446
1794.4211298197743,1,25,Central,426394.1217804951
2635.4431566912162,3,8,North,625977.8083347757
1087.3479841180524,2,10,East,396134.0865402159
1904.2047965411462,2,7,Central,512381.1641079708
1340.9280134844541,4,9,Central,413706.9679169501
2427.891631685639,3,27,North,492418.749573426
2350.2200606962124,4,29,Central,583554.0385976471
522.8944089966296,1,14,East,106078.72659063031
1015.5668787440597,4,28,Central,295780.6041864651
1832.156455397171,3,17,North,447408.22733449214
1894.9336049422382,1,14,West,374755.6831605131
1868.2821080796384,3,7,West,487298.79434346186
1464.5673359133286,5,15,Central,465793.5104695538
1727.5604122817385,3,14,North,406636.7036540134
1826.5107178931617,2,20,West,382542.87630811107
1461.0643652313381,1,37,West,254016.7078288804
2013.6509841808142,5,40,Central,441858.4435166771
450.0,2,10,West,189681.88276382882
1816.8967597849962,3,24,North,440135.5649181398
982.9736938571369,3,5,Central,355208.9421030859
1979.3389039846945,3,37,Central,469397.1435097708
1385.6577875543999,1,15,East,288244.6655177988
1055.6063644579876,5,28,West,293789.52796379075
1686.9510783721216,1,40,West,283532.9106430781
1044.3332510771165,4,25,Central,330622.01661270513
1043.616051222303,2,40,North,290610.90608529083
716.352822023454,4,22,West,263197.15002891177
1486.6461226009435,1,42,West,275233.97007540864
1748.4117608454176,1,30,North,366531.5271570052
2011.5129930656212,5,28,Central,546709.6555282053
1429.1360691054945,4,22,West,401929.4588826155
2023.927604223823,5,43,North,400358.50007073925
1508.980487567401,2,32,West,309252.7393237516
1453.3557595102227,4,26,North,372209.75466216344
1786.781473928895,1,8,North,459596.05417652434
2029.1963880628787,4,37,West,400902.9359366601
1329.2827727707036,1,14,East,316390.2515267969
1378.1191890220207,4,4,East,347553.85486290423
1419.5842976500803,3,39,Central,431389.8803207313
1541.3845634959193,4,30,North,386322.0358895132
1049.795895197425,2,17,North,284690.5515660068
2014.0030300331437,1,24,East,388795.3995563758
1299.7951841108334,4,37,Central,385293.7276792792
1731.221728388932,3,12,North,448455.86847030715
1087.2637138880377,1,42,East,171698.15585877356
1679.401976404447,3,5,East,403073.3088718068
1695.7965078751674,1,26,East,299281.61783718434
1289.659296601333,5,32,West,293965.9482346174
2510.444716498571,5,4,North,561778.5933358733
1685.519980620952,3,12,Central,415077.26168110437
2388.4644614886925,2,34,Central,506741.2396303022
1979.5694619490625,4,27,West,405951.0368547367
1168.8625964719668,3,29,West,294900.072873782
1308.9065921710524,4,30,East,321708.42734391155
1718.0510336786153,2,13,Central,440712.4593253996
1530.5862659193754,2,1,Central,402991.4561801616
1524.7305708794663,2,38,North,358305.50272031955
1356.897522812725,5,5,Central,371137.58622072043
595.7618221295024,3,21,Central,189932.67263378538
1387.2836782896543,4,39,North,352140.84640084207
450.0,4,2,North,252569.38866768236
1685.9097843924685,4,32,West,404444.89185631543
1136.971106286147,1,3,North,311725.16246659536
1142.2916369139284,5,5,East,286557.8863191174
1390.3481021850107,5,10,East,343622.545455044
1636.336173147932,2,16,West,390294.16159211873
783.9969111320224,5,27,North,234162.64258542564
625.6994052232967,5,16,West,208199.9392457111
966.9670642500932,3,36,Central,244059.62482175196
479.1362379006383,3,3,Central,225044.95196234382
1016.575195055351,2,4,West,311758.3819576766
2295.441515261483,2,10,East,498051.0132855092
971.7070417514742,2,1,North,268912.8946068089
1825.7025874500919,1,11,Central,426810.5898001308
814.1825958674324,1,28,North,199803.106849984
1649.5600762862468,5,30,East,384842.3229230324
1340.133093893659,2,18,North,302577.43571066635
1470.0936072328636,2,14,Central,397644.1045623118
1784.3887971837705,5,19,North,382103.96973541327
2378.1200626580894,3,25,East,444952.9805230142
1597.3531749166368,1,36,East,317071.72920182237
1562.1794756980476,2,6,East,390292.4220291805
1013.3161412588427,4,41,Central,261351.2959365963
1791.6698276661664,2,17,Central,430297.89468472684
1376.9638347273647,4,43,North,345268.63689271733
1916.003521454215,3,13,East,411806.983503558
1478.1467747575136,1,35,North,304027.9938366508
2370.427851904926,1,20,Central,554124.9885835826
508.541748431267,1,0,North,219566.11780799297
1351.7003199224628,5,1,East,401914.0760556956
1940.7408194006296,4,6,West,490426.2381834525
1324.6539014575064,1,26,Central,327340.04727066134
1103.9134654972695,4,26,North,300480.8946615476
1367.0596971302089,1,7,Central,384508.92880541395
810.0356261963314,2,42,North,160986.89515275223
1559.4768858448847,4,14,North,376070.18410197896
2720.230920086612,5,3,North,668604.9302885626
2072.515749113364,2,25,Central,440572.43942203326
945.4954467423653,2,23,West,269720.8467372385
1063.3294588358535,1,5,East,275378.96398855967
1297.6360954887732,3,17,Central,374005.7699350425
2002.2080638669681,3,28,North,462904.68362871517
1089.2564954154063,1,18,West,277274.94667284173
1154.8842905262331,4,16,East,332427.28206276987
1942.3747167574525,4,12,West,443974.87807077024
1932.3262852375733,1,17,East,390397.28196044016
1313.0926698052758,1,12,North,325508.43290637364
941.1182928136038,1,8,Central,366702.33585571893
725.1275883686466,1,10,Central,297100.2383300033
1150.504936544948,1,5,East,254246.98959040164
450.0,4,4,West,199249.50140504088
1874.9099409549576,2,12,East,386006.94272809505
1184.9846500977208,3,24,North,311332.652282031
1740.646832122569,4,3,North,463411.3926286436
2434.162443800667,4,20,Central,651773.2352613576
2086.4978535664322,3,29,North,404754.1358583488
924.4325810265046,4,32,Central,327908.1292274674
1934.6244932383468,1,21,Central,473679.3548853026
2078.9285137582187,4,28,East,415063.83796443435
1126.8217409519539,2,25,Central,318481.89476275974
1023.3515384639978,1,42,West,193365.18374619595
1445.154051330729,1,38,Central,345816.90940993535
699.2883252419092,4,15,West,263491.44201130816
2235.3674746507763,5,2,West,490713.3026899657
450.0,1,39,East,137899.40293226886
946.5962921289698,2,0,North,290245.02471902926
1365.217417995416,2,17,North,389373.05844560504
1386.4564543346585,3,10,East,348878.624149219
1583.0620865713122,3,29,West,388807.6839392098
1635.7242843374183,4,0,North,461150.3210839823
1393.193992687276,1,36,East,301546.3320826683
2068.443159384971,3,27,West,441961.09414720844
450.0,1,17,West,128028.61469672136
1499.9177430415198,5,0,North,451617.94429599494
1142.7077941423013,4,20,East,308274.1166462356
1566.2567175717431,5,24,East,427958.4047571609
1610.3799189731394,4,28,East,294064.1714640682
1044.0855617526054,4,17,North,304114.06629841006
1179.5255017322538,2,4,East,332096.8718877433
1896.293361625922,5,8,West,428706.2932708774
1674.5281343254928,2,23,Central,415757.1507757487
1159.875781698761,2,10,West,364633.7950356637
2519.9454796709715,2,4,North,612372.663009261
2654.588824247541,3,17,Central,589484.9201945199
768.7687605198225,3,10,Central,341422.3751472706
1650.8974801501715,2,17,East,394919.6381995457
2754.4972178161956,3,28,West,582024.7815078072
1891.9493145924462,2,7,Central,500973.202096792
1610.5300714562732,5,43,West,360639.321558291
1395.9715833202836,1,5,Central,369185.9266054176
1229.4028570616397,1,44,East,210466.75176608478
1393.742648690132,2,16,East,338194.51975280466
1224.6352937959311,5,11,Central,402811.10631967627
1872.454179279017,2,31,West,443548.43461461324
1300.9231736542793,5,6,Central,410913.81371638755
1279.4242439949712,2,28,Central,272436.96450514824
898.9196565854597,2,23,North,241963.92219742265
1475.2050628098484,1,37,North,325005.4510420437
1052.9391632804984,4,19,North,319671.72904386104
1409.6249156354531,5,10,North,399838.874443991
2020.907776360766,5,17,Central,502467.9354531646
1682.9624431555633,1,5,East,420569.57006506727
1752.3626473927154,4,34,Central,418648.7111560516
1678.0454498789018,3,6,East,416369.47874633217
1529.5878650957466,2,31,East,304404.73142195895
1436.335884664185,4,17,North,342949.44058254815
1346.0968920491669,4,25,West,371206.2189570948
1879.558504416536,5,18,East,355319.4398262696
957.8800953558756,5,27,Central,297642.74864483817
2170.3612931127723,5,34,North,500810.4532810598
1517.0390313424086,1,26,North,333184.22874083876
1125.6498047113132,4,24,North,334552.2489190356
1255.4269604799936,3,30,North,309938.28788879066
1161.5047994059441,1,20,West,258906.80113671158
1580.1032495140205,1,41,East,357870.68375739304
1141.078477755846,2,4,Central,357155.33354609634
2071.065599391868,5,42,East,416374.4137428591
1109.1805036928783,4,10,North,301886.0036475172
450.0,4,44,North,135399.354711177
1134.5007536370524,5,26,Central,375544.09530712414
495.7394133501714,1,38,West,140602.1509511389
1480.0655747136716,3,1,West,384599.6233549195
2029.5789891856557,4,4,North,485300.28119435644
1823.8799001328366,4,5,North,489135.6812011297
831.2052475263787,4,20,North,216695.7902034042
1118.8723592160004,1,1,North,309130.7543252313
2389.3167677833426,1,35,West,452950.4158401547
1659.255704367167,3,40,West,320385.3695549177
1502.0593463170294,3,13,West,371471.323811132
2028.0312805967787,2,12,East,414704.48521609505
2726.3705627150794,4,27,West,542860.5288380885
2148.2866387898694,2,39,Central,531313.5304850617
1569.7076273852895,2,2,Central,464837.5588512411
1677.3440879924117,1,23,North,413648.7833448887
1808.5398955491087,3,9,Central,484370.09934084816
1193.6507517449381,4,22,East,321789.15241631423
970.6402636412798,5,18,North,330470.85561323375
1526.2245417446904,2,17,Central,444487.7106229221
1026.3943852684397,4,3,West,383896.00618269015
1469.2687904824656,1,40,North,303950.0167803497
1548.0615199960453,3,19,East,357132.38436570886
2670.5186609414677,5,40,East,528460.514467875
1074.4750026717165,1,10,East,155231.18499328295
1439.1055340145326,2,38,West,258233.83597648435
1417.8485552077336,1,38,North,306000.81476058473
1718.6552666876653,3,34,North,406302.7465431378
2023.3621657918113,5,14,West,461356.8257848374
1254.7582491866724,3,30,East,312413.1029382685
1089.3239849474844,4,17,Central,392330.77038367785
679.6446920341724,2,43,Central,200934.2422681078
1036.8977515985766,5,36,East,294192.1839124358
1768.2204172882973,2,18,Central,501417.92201425193
1522.8235209116015,3,25,East,348263.9041514816
992.2830025469207,2,41,North,207256.99504945235
1313.6162617575712,3,2,West,398205.76312684047
1515.7364738951326,2,9,Central,416023.5227152574
1751.8394658044651,3,9,West,406940.84542521153
1203.3028235807371,2,1,West,329181.9107035326
1374.779971171063,4,27,North,334780.43534819613
590.7826333298955,2,30,East,183499.8763762014
924.3070988810282,2,8,North,307625.46303388634
2308.8578290894225,1,33,East,472187.5945287679
450.0,3,11,West,204360.75894822628
1331.0987236829867,1,39,Central,299902.30451407307
1609.5991146721276,3,28,East,339490.8617128806
1312.8253773364813,5,21,East,353205.831028524
1095.9212383173012,4,22,North,298977.9689168932
1469.4607338063338,3,8,Central,513354.81783690513
1497.5172992488601,2,12,Central,405196.4605301402
1458.9412975340501,5,14,Central,417523.0462753036
561.1439394239421,1,25,West,193667.2716484771
1426.298186022302,1,21,East,325234.31480517145
1072.4436548542221,1,28,West,242439.86804126523
1226.1320625932303,2,35,North,281665.7849568729
1613.4873816707266,1,1,East,384355.38500942505
1820.3643752402832,1,37,West,383029.7512571938
1948.3886671209366,5,12,North,512249.4363170734
1251.7934715105557,3,5,East,314013.98627959535
1962.0013883600586,4,13,East,456907.6395164635
2086.8637663119957,3,34,East,442319.71385495516
2068.3189622730297,4,39,West,453704.9244992967
2194.883969405717,4,34,West,369314.6020161493
1427.1587470405439,3,2,East,332444.87577971333
1412.9340424633688,5,4,East,351787.49367921584
1912.5253896971744,1,15,West,406782.1831854352
816.7378424359836,5,0,West,298301.71588108846
1604.7145236341705,3,8,West,422068.07354586007
1234.7205039150429,1,11,West,320806.64633950667
1315.605474569296,5,31,West,320622.37843402376
629.2427760507106,4,27,Central,256211.7549194202
1054.727847098396,3,36,North,320550.97175689944
1489.7530352714425,2,1,Central,412523.8652524263
1944.2265870468043,4,2,Central,539774.3286046039
1995.0132947040252,5,32,Central,543492.3006704487
1459.8367625020442,2,38,East,299449.15946167
1405.3558213855151,1,28,North,260231.79485656403
1084.6604064918301,1,31,West,251263.40022045333
1701.1782484880696,4,43,East,332685.53646133916
1376.2109997462308,4,9,West,360243.88914279686
1802.942269574502,2,33,Central,459645.30496707576
2375.843402062981,3,41,Central,539058.6222175064
1483.8125213690932,1,40,West,285745.94608428574
751.3227629129641,2,13,Central,306841.76908143476
1069.5747784855762,5,1,North,368433.9331253647
770.9262793316914,2,35,East,177066.32856135454
901.4451552925108,5,6,North,325983.14117821096
2152.635361742734,4,3,West,517904.6310383282
1613.3297867292415,1,26,Central,386346.98755048396
739.9127842121204,2,20,Central,251711.73615179438
1826.816083015061,2,32,West,379847.6559611487
2130.187437039441,3,22,East,417555.47421004076
1320.062721282069,5,8,Central,383844.46760135994
1162.0045804315569,2,40,North,307378.13079442515
1331.3111437575253,1,19,Central,352588.6718179043
1642.3032551270858,4,37,West,359083.00328244345
1819.9850751281856,4,28,North,423046.067524977
2091.108419020117,2,24,North,460446.14459022967
2106.239102956583,4,12,West,486673.1715314015
2092.7019241134894,3,2,Central,547576.5841212426
2180.960715890036,5,2,West,503919.75218778715
1830.6938949001767,5,19,West,464132.126749575
734.5466978340071,2,21,Central,241982.82957268856
1434.517885243191,4,16,North,412287.78538619383
1656.960256311692,3,38,West,292003.6119078486
1308.4368674961502,4,44,North,276930.70046722377
1955.6304274509848,2,4,East,466799.03871381556
1319.8930139072477,2,30,Central,344536.77708591183
1037.126485018145,1,32,West,209766.50539012914
2222.1494997195314,5,18,North,537731.3712826134
1833.002154903169,3,17,Central,441809.6083652859
1609.6268921001904,2,16,Central,427190.8661434
1963.35454572992,3,18,West,372732.45545833174
2031.267119667693,5,34,North,450700.9172266177
1670.517905486348,5,40,East,335845.28073811333
450.0,5,4,East,222738.48307447697
1162.2052746661393,2,6,North,355859.0618864457
1271.7104352108454,4,36,North,291112.89642800664
1007.8995524434325,3,5,Central,398649.7587625804
1599.3387169601576,5,30,East,343123.2767499466
2096.101066425671,4,2,North,460539.9743274973
1257.5472073964659,3,19,West,242479.505018057
932.5836651645633,3,1,Central,390570.96739460964
2514.01740545525,4,31,East,505526.9484539123
1274.2811969512334,3,25,Central,341579.3564107092
883.5175376433745,1,17,Central,262578.62253418664
1618.8386248092295,1,31,North,320730.2649588719
1712.841290794767,5,6,West,479514.2390303628
1147.4749551596633,2,28,East,249891.62568294592
1895.2267872941331,5,18,Central,557970.9322828588
1256.340280856663,1,18,West,287489.4686318471
1038.5245423048057,1,2,North,233633.0198981653
1589.2954342624296,1,37,North,362859.71924076724
1885.3844885624753,2,3,East,415496.42071322567
1183.0742544026502,5,13,West,326525.664133362
1665.3127780071088,3,19,East,417247.9372019498
1453.254180297325,1,32,North,314817.84299319447
2912.216824868072,4,37,North,636897.7415161636
1145.7201594184544,5,4,Central,398151.27750389325
2192.085800269756,1,9,North,470855.577336439
1473.826855780557,3,16,West,372339.14302104997
1436.618998163855,5,22,East,328787.8514854128
1860.832555768219,2,5,North,490494.5458519944
1946.995283270251,2,44,North,427320.7699781648
2133.507820476696,4,12,Central,547645.885762621
1664.3258675675788,5,37,North,412953.9381023742
1199.8018051210374,5,34,East,300703.3824334264
1231.1769479079687,4,40,North,294187.44940017007
1754.826595441675,2,40,Central,433949.04733192193
1790.4499353038705,3,30,North,400509.99108365324
2199.0254703482474,1,13,East,470915.6274785319
1709.215227709348,2,26,North,360802.3001060757
2030.0841326288692,5,8,East,478925.5731400484
2258.3855173919787,1,26,East,451900.23814760125
1582.400272265553,1,9,North,363066.4405781611
757.2206742046573,1,27,East,162483.81098119688
910.36145674971,1,33,North,209981.92019964725
781.098565904744,4,20,North,281611.74817849894
2295.7951905070495,2,34,East,421059.1628330602
1076.2957025855296,4,16,East,296803.7764027293
2115.9207827061446,3,23,Central,557749.3880936012
1792.8659557819374,5,10,West,456585.6020199239
2357.634563419524,2,16,West,452579.26993225614
2001.5469097439197,2,2,East,452601.0913556508
1448.8148693932997,1,42,Central,370340.5961662945
1399.9847748033658,5,16,North,377795.45224452746
1542.5838599730732,5,30,East,384424.1357783461
1587.6304759494287,2,34,West,352381.82756386505
1234.6281644382918,2,26,West,299106.3844173309
1483.6858512056726,5,24,Central,413828.3967807881
2304.6600310011972,3,36,East,436377.26984420745
648.9308445871733,5,7,West,243522.23938234875
1629.2440697634306,2,4,East,382061.40690323745
1046.5235970096223,1,36,North,260298.91579844267
1593.5185414024404,3,39,East,334557.9236436807
1919.9278876041003,5,1,North,495447.3394117216
1471.1949097711545,1,24,Central,377519.93929235806
1886.4934599242008,4,41,West,407280.0024845786
705.0802993079069,1,20,Central,199967.52102173524
2053.4945563327365,4,29,East,408450.577356722
1198.435378675942,5,16,North,327303.22479210404
1811.2040348961825,5,25,West,416199.613089019
1591.2240479882348,4,15,North,402564.54355321586
450.0,3,18,West,166990.90917133546
1121.9679392648893,1,35,North,233550.05189166224
1610.254183967701,3,37,Central,418774.71935036534
2276.988040784563,5,9,North,561015.6689180981
1643.6341429518354,2,0,East,340770.4253343676
1628.84793988537,2,43,West,325473.7648063771
793.6579551853071,5,0,West,255534.44135565136
2215.573348261745,3,23,North,545835.8945397814
2403.538497594058,5,23,Central,570999.3016552312
1514.2875215619874,1,28,North,329242.19887533295
1390.121475889942,1,13,East,313850.30830359977
690.4751420951702,4,5,North,265301.8186509464
1941.660529478246,4,18,West,445115.2448781513
2851.1396628462107,5,43,North,638451.502913309
1858.556537393246,2,24,Central,461316.4163756679
2131.8517590765987,2,20,North,499616.60708531574
1771.043646854083,1,1,Central,503448.30980052234
1007.4920567156223,4,41,Central,267775.32053122367
2168.3363155099314,1,44,North,477443.4492758747
882.7125502651404,5,2,Central,377034.6051613046
1394.667547168479,3,30,North,367299.05943278456
1639.4258725012628,4,34,West,339320.6178844396
1941.4548303883287,2,4,North,494601.58092920773
1707.9928327154819,4,16,West,422032.101256888
1693.417250416706,2,33,North,358368.80289916036
1119.2559657856186,1,39,Central,355694.1082008173
855.314293019772,1,23,West,231826.33609957987
1530.7403341316058,1,13,Central,398844.3178519485
1144.9026113785508,2,30,East,254728.13310142045
846.1071859653744,1,15,Central,309930.305793638
867.0267642490295,4,33,East,250795.7328321826
1254.9357629134436,2,0,East,339626.0351793473
573.7105699129966,1,44,Central,219283.0504496807
826.2656485778139,5,11,North,339471.4416481246
682.4315354653737,3,5,Central,256956.9692454766
1591.1297318908316,4,5,East,379455.4182023666
1703.992114759209,4,44,West,330393.7535759884
2503.570481591413,4,42,East,490027.1821938231
751.2351003838086,1,21,North,263551.32866383606
1160.2015205451687,2,34,East,264020.7576367407
1956.305694661402,2,9,West,412376.5797398809
1391.6130975055219,3,41,East,274519.1686385598
1336.5010306461004,5,16,North,406541.91022241866
2354.5848516697765,1,26,Central,510907.4663434095
1330.7969202396362,5,16,East,336788.29741480923
921.9025653329967,3,4,West,291866.4187486523
841.5300200665303,5,40,East,156222.76068929903
1667.8471611569662,5,34,West,404660.96906807646
1652.6208017029835,1,23,Central,419678.0899871753
814.1488148569116,2,44,Central,252931.8151681791
1007.3018711368445,4,3,Central,336118.0434467446
1767.356318907806,3,19,West,380647.5588203586
1788.6333862625704,3,32,North,386105.8458806701
1178.3889581980054,2,15,East,289335.01620081253
1811.108100925992,1,22,Central,441054.3413063353
1785.9272936452805,5,7,Central,509371.7714743925
608.4591256402282,3,36,North,244031.8549298681
1343.968124775645,1,11,West,361158.8741233531
1707.562795560561,5,2,Central,479252.84347649
1213.4621489180065,1,7,West,286750.805454841
450.0,5,38,North,232421.8224331254
1358.4926392669395,4,22,East,313227.06748465897
1876.0465799707058,2,40,North,435273.31512758206
2290.202792906566,2,23,North,544944.1468302809
450.0,1,0,North,189079.529493712
2806.6606727821345,2,36,North,555881.0213842039
936.4318344853656,5,21,North,299160.50623263366
1978.4854354005658,5,5,East,446922.1099611065
2117.099035267195,5,5,North,502756.42923430435
1991.5086500669008,4,3,East,455678.2308229253
1574.809239780188,3,23,East,373372.5445983262
919.2911686560384,5,30,North,264039.1640811386
1813.2793939930357,2,4,Central,476534.22141733364
1142.3834116122448,5,25,East,276559.87929428543
450.0,3,39,West,96204.87753114311
2914.449316858136,3,40,West,611159.9047358398
1854.0510109803347,4,8,North,399391.872696499
2409.03856424327,3,12,West,508959.5518252345
1044.1885962527788,3,30,West,274094.77058427664
2233.75141170595,5,34,North,458431.21449170355
2294.9345790744983,2,29,Central,540155.9090402432
2277.274762250587,5,26,East,524892.905683266
1489.3968333939238,2,14,Central,382251.9413663538
898.7689781287004,3,41,West,218339.8996768319
1411.343596568182,2,9,Central,370065.51285346027
450.0,1,29,Central,203351.519223468
648.9938052982325,1,41,West,149014.16520702915
1545.9693905751344,3,28,East,340197.9463625836
1004.3007671159095,2,1,North,352523.459260779
1417.776572272625,5,8,Central,453430.71678269247
1445.5001242993205,5,11,West,424125.09459834686
2465.3635242592004,2,42,North,512446.07365144766
2148.8132848754726,1,14,East,406435.6935119508
1477.5637079185872,4,10,Central,442997.8637252212
2104.4497670846713,4,26,Central,530745.2262023705
1110.1434276548289,2,20,East,217488.16922225646
1331.551487952565,4,16,North,403808.10517137026
1955.1121550586984,1,6,West,439966.39952901716
879.1697112145026,3,5,North,304477.73346334905
1360.5096358498874,2,13,North,325374.28655558196
839.5770699559779,3,25,North,252683.37055435125
1558.7362039139853,1,1,Central,441554.1578486901
2316.257877794717,2,32,West,455536.9050561424
1123.9515554495138,1,11,East,270889.80017130787
1612.9397479569145,4,31,Central,357455.0312537841
1051.3390491817506,3,29,West,301220.55174792616
925.2255283798056,4,22,West,228463.50168352659
882.075239829127,1,28,East,130068.94062117737
2227.376040704802,4,13,North,497150.2830103823
2681.217735308797,3,8,North,578335.6962556309
1741.5218526527879,3,0,North,469644.1326154454
1141.853515431331,2,24,East,231774.8027804387
1852.4458171715933,5,23,East,426867.73540340515
1332.8382368284833,4,5,West,335020.51521251886
1900.6991737686863,5,28,North,518990.01790892176
1645.4968190997197,2,10,West,403875.3514641851
1639.8520754275446,3,19,East,425011.7370080809
1803.6380296876418,4,21,East,371948.12923572457
1210.2531815114214,4,43,North,313849.6187413744
1297.8160884435695,3,27,West,278371.6758478448
639.377204973023,2,9,North,250580.62949663954
1279.0652792732706,2,14,North,356507.2345077869
788.833654967582,5,36,Central,230935.6774626043
1427.6594004800293,2,5,North,344260.91678084043
1021.1845253068716,4,32,Central,280626.80344237946
1550.6172101606542,4,18,North,353349.9349389063
1726.61965320787,5,40,West,358721.06973362
789.9387144675615,3,18,East,190517.24196453305
1093.3604528770175,2,41,East,176658.18280959025
1028.3440490823086,1,7,West,276760.03993312153
1873.246712539221,5,10,North,496642.95538858644
2353.1810136934123,3,19,North,486613.8519204466
1925.7683076848657,1,41,West,352937.8644415988
1325.290536150437,1,39,Central,323393.10425748036
2232.503194818064,3,18,West,479753.91250628524
742.9461317793647,3,38,Central,224006.52678670234
2249.679026064046,1,30,Central,525404.7502386974
1171.8928968490914,5,44,East,286684.2816105929
450.0,1,42,West,129927.45703343657
2825.4023695423784,2,36,East,525773.655729593
2289.011537161781,4,26,Central,607741.0420050039
984.0581364399463,3,16,West,323991.24726495624
1584.50432379658,1,26,East,309789.078428285
1392.7502738733997,4,37,North,332878.5417540615
1551.110401647466,2,3,North,439042.370707404
758.3567812293833,4,16,Central,274269.5322353141
1159.253008666603,1,26,North,294360.8997596856
1733.9806413738095,4,34,Central,437960.8431548322
1611.3480849777875,5,10,North,413211.5481487807
2099.619255003314,2,12,North,476204.1231969938
1539.875128713547,1,17,East,283041.0679088359
2674.6108429489996,3,34,East,503872.3053286601
1142.1342214156764,2,17,North,246713.8340636893
1629.6661959767719,4,4,North,505689.27161607787
541.8410520332665,5,43,East,197882.74834228464
873.4334356177276,5,16,East,296191.89540911437
2164.262980465685,4,28,West,476680.1493079752
1028.5986162606716,5,17,East,314627.09764255787
1765.337587000716,4,32,Central,483756.8148144215
1469.1145713243006,5,34,East,361621.20880464074
977.7255211562142,5,7,Central,391291.0320466748
1325.8753629064202,1,5,North,321891.72803843423
1242.8831826766398,1,13,East,298182.5386105753
1256.3170657710311,1,3,Central,359628.25703179295
1876.8041054637215,4,39,North,382023.87056895474
1826.17227720829,2,42,Central,381928.7654185405
1211.287151686472,4,5,North,374989.6084731364
1046.4485980803895,5,13,West,341491.63794715685
1641.1686672591572,4,42,East,294733.95071514783
1449.9922941247019,3,26,East,372469.0244430057
2014.1412312248904,4,19,East,486498.40061111207
2827.646785306696,4,7,West,609959.4906970391
1921.4622172123945,1,17,West,397893.34301370895
1482.6348644678967,1,15,Central,391390.97703506734
1413.9780145604711,1,23,West,341597.8148784089
1071.6529397679171,3,29,North,271952.0700723927
1046.6636078087076,4,19,West,254870.96802441104
998.2922447494625,5,9,Central,373891.757495135
1302.3324142973106,4,21,North,287225.4755869879
1286.4282771195801,5,26,North,352611.95980867365
1871.8653532809135,2,19,West,445200.47317793756
1300.5004924997725,2,38,North,305398.5973434959
1401.275141781961,1,31,East,303868.6442230707
